[
    {
        "id": 1,
        "text": "Sarms",
        "path": "/categoria/Sarms"
    },
    {
        "id": 2,
        "text": "Inyectables",
        "path": ""
    },
    {
        "id": 3,
        "text": "Orales",
        "path": "/categoria/Orales"
    },
    {
        "id": 4,
        "text": "Hgh-Peptido",
        "path": "/categoria/Hgh-Peptido"
    },
    {
        "id": 5,
        "text": "Quema Grasas",
        "path": "/categoria/Quema Grasas"
    },
    {
        "id": 6,
        "text": "Ciclos",
        "path": "/categoria/Ciclos"
    }
]
