{
    "title": "Nosotros",
    "content": [
        {
            "section": "about-section",
            "section_title": {
                "title": "Potencia tu rendimiento. <br> Puro Musculo"
            },
            "image": {
                "src": "/medical.jpg"
            },
            "items": [
                {
                    "id": 1,
                    "title": "Quienes Somos",
                    "description": "Lorem Ipsum is simply dummy text of the printing and typesetting industry. Lorem Ipsum has been the industry's standard dummy text ever since the 1500s, when an unknown printer took a galley of type and scrambled it to make a type specimen book. It has survived not only five centuries, but also the leap into electronic typesetting",
                    "path": "/"
                },
                {
                    "id": 2,
                    "title": "Necesitas Ayuda <br/> En eso nos enfocamos. Ayudarte!",
                    "description": "Lorem Ipsum is simply dummy text of the printing and typesetting industry. Lorem Ipsum has been the industry's standard dummy text ever since the 1500s, when an unknown printer took a galley of type and scrambled it to make a type specimen book."
                }
            ]
        },
        {
            "section": "quote-section",
            "section_title": {
                "title": "Distribuimos, Creamos, y mucho mas"
            },
            "texts": [
                {
                    "id": 1,
                    "content": "Lorem Ipsum is simply dummy text of the printing and typesetting industry. Lorem Ipsum has been the industry's standard dummy text ever since the 1500s, when an unknown printer took a galley of type and scrambled it to make a type specimen book. It has survived not only five centuries, but also the leap into electronic typesetting"
                }
            ]
        },
        {
            "section": "funfact-section",
            "section_title": {
                "title": "Nuestras Estadisticas"
            },
            "funfacts": [
                {
                    "id": 1,
                    "title": "Orales",
                    "counter": 30
                },
                {
                    "id": 2,
                    "title": "Sarms",
                    "counter": 60,
                    "suffix": "+"
                },
                {
                    "id": 3,
                    "title": "Inyectables",
                    "counter": 48
                },
                {
                    "id": 4,
                    "title": "Ciclos",
                    "counter": 5,
                    "suffix": "+"
                }
            ]
        },
        {
            "section": "cta-section",
            "headings": [
                {
                    "id": 1,
                    "content": "Estamos conectados para anteder 24/7 <br/> Contactanos"
                }
            ],
            "texts": [
                {
                    "id": 1,
                    "content": "Lorem Ipsum is simply dummy text of the printing and typesetting industry. Lorem Ipsum has been the industry's standard dummy text ever since the 1500s."
                }
            ],
            "buttons": [
                {
                    "id": 2,
                    "path": "/",
                    "content": "Contactanos",
                    "color": "primary-alta"
                }
            ],
            "image": {
                "src": "/medical.jpg"
            }
        },
        {
            "section": "blog-section",
            "section_title": {
                "title": "Our Recent Blog"
            }
        }
    ]
}
