{
    "id": 4,
    "title": "Blockchain Development Company",
    "published_at": "24-JUN-2022 08:03:00",
    "categories": ["Design", "art", "Digital Art"],
    "tags": ["nftcollector", "ethereum", "nftartist"],
    "views": 570,
    "likes": 420,
    "description": "Non-fungible tokens, or NFTs, are the latest cryptocurrency phenomenon to go mainstream. And after Christie's auction house sold the first-ever NFT artwork — a collage of images by digital artist Beeple for a whopping $69.3 million — NFTs have suddenly captured the world's attention.",
    "author": 3,
    "owners": [
        {
            "id": 1,
            "name": "Peg Legge",
            "image": {
                "src": "/images/client/client-9.png"
            }
        },
        {
            "id": 2,
            "name": "Jone lee",
            "image": {
                "src": "/images/client/client-10.png"
            }
        },
        {
            "id": 3,
            "name": "Nira Ara",
            "image": {
                "src": "/images/client/client-11.png"
            }
        }
    ],
    "comments": [1, 2, 3, 4, 5]
}
