{
    "id": 1,
    "title": "But NFTs aren't exactly new. CryptoKitties, a digital trading game on the cryptocurrency platform Ethereum, was one of the original NFTs",
    "published_at": "20-JUN-2022 08:03:00",
    "thumbnail": {
        "src": "/images/blog/community/community-post-01.jpg"
    },
    "categories": ["Development", "Condolance"],
    "tags": ["nftcollector", "nftartist", "ethereum"],
    "views": 257,
    "likes": 100,
    "description": "NFTs are tokens that we can use to represent ownership of unique items. They let us tokenise things like art, collectibles, even real estate. They can only have one official owner at a time and they're secured by the Ethereum blockchain – no one can modify the record of ownership or copy/paste a new NFT into existence. NFT stands for non-fungible token. Non-fungible is an economic term that you could use to describe things like your furniture, a song file, or your computer.",
    "author": 1,
    "owners": [
        {
            "id": 1,
            "name": "Jone lee",
            "image": {
                "src": "/images/client/client-1.png"
            }
        },
        {
            "id": 2,
            "name": "Mark Jordan",
            "image": {
                "src": "/images/client/client-12.png"
            }
        },
        {
            "id": 3,
            "name": "Farik Shaikh",
            "image": {
                "src": "/images/client/client-2.png"
            }
        }
    ],
    "comments": [1, 2, 3, 4, 5]
}
