{
    "id": 3,
    "title": "How to make an NFT?",
    "published_at": "23-JUN-2022 08:03:00",
    "categories": ["development", "art", "Marketing"],
    "tags": ["defi", "nonfungibletokens", "cryptopunks"],
    "views": 570,
    "likes": 420,
    "description": "Non-fungible tokens, or NFTs, are the latest cryptocurrency phenomenon to go mainstream. And after Christie's auction house sold the first-ever NFT artwork — a collage of images by digital artist Beeple for a whopping $69.3 million — NFTs have suddenly captured the world's attention.",
    "author": 3,
    "owners": [
        {
            "id": 1,
            "name": "Ray Sin",
            "image": {
                "src": "/images/client/client-6.png"
            }
        },
        {
            "id": 2,
            "name": "A. Mused",
            "image": {
                "src": "/images/client/client-7.png"
            }
        },
        {
            "id": 3,
            "name": "Liz Erd",
            "image": {
                "src": "/images/client/client-8.png"
            }
        }
    ],
    "comments": [1, 2, 3, 4, 5]
}
