{
    "id": 9,
    "title": "What’s the actual cost of starting crypto exchange?",
    "published_at": "26-JUN-2022 10:03:00",
    "categories": ["development", "art", "Digital Art"],
    "tags": ["cryptotrading", "eth", "artoftheday"],
    "views": 200,
    "likes": 100,
    "description": "Non-fungible tokens, or NFTs, are the latest cryptocurrency phenomenon to go mainstream. And after Christie's auction house sold the first-ever NFT artwork — a collage of images by digital artist Beeple for a whopping $69.3 million — NFTs have suddenly captured the world's attention.",
    "author": 1,
    "owners": [
        {
            "id": 1,
            "name": "Ben Dover",
            "image": {
                "src": "/images/client/client-1.png"
            }
        },
        {
            "id": 2,
            "name": "Willie Makit",
            "image": {
                "src": "/images/client/client-5.png"
            }
        },
        {
            "id": 3,
            "name": "Skye Blue",
            "image": {
                "src": "/images/client/client-7.png"
            }
        }
    ],
    "comments": [1, 2, 3, 4, 5]
}
