{
    "id": 2,
    "title": "Non-fungible tokens, or NFTs, are pieces of digital content linked to the blockchain...",
    "published_at": "22-JUN-2022 08:03:00",
    "categories": ["Digital Art", "Development", "art"],
    "tags": ["digitalart", "cryptonews", "metaverse"],
    "views": 500,
    "likes": 300,
    "description": "NFTs are tokens that we can use to represent ownership of unique items. They let us tokenise things like art, collectibles, even real estate. They can only have one official owner at a time and they're secured by the Ethereum blockchain – no one can modify the record of ownership or copy/paste a new NFT into existence. NFT stands for non-fungible token. Non-fungible is an economic term that you could use to describe things like your furniture, a song file, or your computer.",
    "author": 2,
    "owners": [
        {
            "id": 1,
            "name": "John Doe",
            "image": {
                "src": "/images/client/client-3.png"
            }
        },
        {
            "id": 2,
            "name": "Olive Yew",
            "image": {
                "src": "/images/client/client-4.png"
            }
        },
        {
            "id": 3,
            "name": "Rita Book",
            "image": {
                "src": "/images/client/client-5.png"
            }
        }
    ],
    "comments": [1, 2, 3, 4, 5]
}
