{
    "title": "home-15",
    "content": [
        {
            "section": "hero-section",
            "headings": [
                {
                    "id": 1,
                    "content": "Potencia tu rendimiento. <br /> <span>Puro Musculo</span>"
                }
            ],
            "texts": [
                {
                    "id": 1,
                    "content": ""
                },
                {
                    "id": 2,
                    "content": "Llegamos a miles de personas, para realizar sus metas de manera mas efectiva"
                }
            ],
            "buttons": [
                {
                    "id": 1,
                    "content": "Destacados",
                    "path": "/categoria/Destacados"
                },
                {
                    "id": 2,
                    "color": "primary-alta",
                    "content": "Contactanos",
                    "path": "/contact"
                }
            ],
            "image": {
                "src": "/nueva/herba.png"
            },

            "items": [
                {
                    "id": 1,
                    "title": "Categorias",
                    "counter": 3091
                },
                {
                    "id": 2,
                    "title": "Inyectables",
                    "counter": 1020
                },
                {
                    "id": 3,
                    "title": "Sarms",
                    "counter": 5329
                }
            ],
            "clients": [
                {
                    "id": 1,
                    "name": "Mark JOrdan",
                    "path": "/",
                    "image": {
                        "src": "/images/client/client-2.png"
                    }
                },
                {
                    "id": 2,
                    "name": "Mark",
                    "path": "/author",
                    "image": {
                        "src": "/images/client/client-3.png"
                    }
                },
                {
                    "id": 3,
                    "name": "Jordan",
                    "path": "/author",
                    "image": {
                        "src": "/images/client/client-5.png"
                    }
                },
                {
                    "id": 4,
                    "name": "Mark JOrdan",
                    "path": "/author",
                    "image": {
                        "src": "/images/client/client-2.png"
                    }
                }
            ]
        },
        {
            "section": "collection-section",
            "section_title": {
                "title": "Top Collection"
            }
        },
        {
            "section": "category-section",
            "items": [
                {
                    "id": 1,
                    "title": "Ciclos",
                    "path": "/categoria/Ciclos",
                    "icon": "feather-search"
                },
                {
                    "id": 2,
                    "title": "Hgh-Peptido",
                    "path": "/categoria/Hgh-Peptido",
                    "icon": "feather-search"
                },
                {
                    "id": 3,
                    "title": "Inyectable",
                    "path": "/categoria/Inyectable",
                    "icon": "feather-search"
                },
                {
                    "id": 4,
                    "title": "Orales",
                    "path": "/categoria/Orales",
                    "icon": "feather-search"
                },
                {
                    "id": 5,
                    "title": "Quema Grasas",
                    "path": "/categoria/Quema Grasas",
                    "icon": "feather-search"
                },
                {
                    "id": 6,
                    "title": "Sarms",
                    "path": "/categoria/Sarms",
                    "icon": "feather-search"
                }
            ]
        },
        {
            "section": "live-explore-section",
            "section_title": {
                "title": "Live Bidding"
            }
        },
        {
            "section": "service-section",
            "section_title": {
                "title": "Pasos para realizar tu pedido"
            },
            "items": [
                {
                    "id": 1,
                    "title": "Busca tu producto",
                    "path": "/",
                    "subtitle": "Paso 1",
                    "description": "Puedes ingresar a las categorias del menu o si sabes que buscar, ingresa el nombre en el buscador.",
                    "images": [
                        {
                            "src": "/images/icons/search.png"
                        }
                    ]
                },
                {
                    "id": 2,
                    "title": "Agrega al Carrito",
                    "path": "/",
                    "subtitle": "Paso 2",
                    "description": "Puedes ir agregando al carrito y cuando estes sastifecho con el ir a realizar el pedido.",
                    "images": [
                        {
                            "src": "/images/icons/shape-2.png"
                        }
                    ]
                },
                {
                    "id": 3,
                    "title": "Realizar el pedido",
                    "path": "/connect",
                    "subtitle": "Paso 3",
                    "description": "Para completar el pedido solo te pediremos datos personales, te llegara un correo y podras enviar la cotización por whatsapp.",
                    "images": [
                        {
                            "src": "/images/icons/shape-5.png"
                        }
                    ]
                },
                {
                    "id": 4,
                    "title": "Nos pondremos en Contacto con usted",
                    "path": "/creator",
                    "subtitle": "Paso 4",
                    "description": "En la brevedad posible y luego de validar su pedido, nos pondremos en contacto para que pueda realizar el pago correspondiente y enviar su Pedido.",
                    "images": [
                        {
                            "src": "/images/icons/shape-7.png"
                        }
                    ]
                }
            ]
        },
        {
            "section": "newsletter-section",
            "section_title": {
                "title": "Unete a nuestro Newsletter",
                "subtitle": "Es gratuito y no te enviaremos Spam"
            }
        },
        {
            "section": "newest-section",
            "section_title": {
                "title": "Newest Items"
            }
        },
        {
            "section": "top-sller-section",
            "section_title": {
                "title": "Top Seller in"
            }
        },
        {
            "section": "explore-product-section",
            "section_title": {
                "title": "Explore Product"
            }
        },
        {
            "section": "video-section",
            "section_title": {
                "title": "Meet with Nuron",
                "subtitle": "An NFT is a digital asset that represents real-worldobjects like art, music, in-game items and videos. They are bought and sold online."
            },
            "images": [
                {
                    "src": "/images/bg/bg-image-21.jpg"
                }
            ],
            "video": {
                "videoId": "7e90gBu4pas"
            }
        },
        {
            "section": "brand-section",
            "items": [
                {
                    "id": 1,
                    "image": {
                        "src": "/images/brand/brand-01.png",
                        "alt": "nuron-brand_nft"
                    }
                },
                {
                    "id": 2,
                    "image": {
                        "src": "/images/brand/brand-03.png",
                        "alt": "nuron-brand_nft"
                    }
                },
                {
                    "id": 3,
                    "image": {
                        "src": "/images/brand/brand-06.png",
                        "alt": "nuron-brand_nft"
                    }
                },
                {
                    "id": 4,
                    "image": {
                        "src": "/images/brand/brand-07.png",
                        "alt": "nuron-brand_nft"
                    }
                },
                {
                    "id": 5,
                    "image": {
                        "src": "/images/brand/brand-04.png",
                        "alt": "nuron-brand_nft"
                    }
                },
                {
                    "id": 6,
                    "image": {
                        "src": "/images/brand/brand-02.png",
                        "alt": "nuron-brand_nft"
                    }
                },
                {
                    "id": 7,
                    "image": {
                        "src": "/images/brand/brand-01.png",
                        "alt": "nuron-brand_nft"
                    }
                },
                {
                    "id": 8,
                    "image": {
                        "src": "/images/brand/brand-03.png",
                        "alt": "nuron-brand_nft"
                    }
                }
            ]
        }
    ]
}
